L	K	U4	U4_err	m_susc	m_susc_err	dat
32	0.1738385612	9.998383375258e-01	2.139285926051e-06	1.137730401010e-04	1.983380856616e-03	out_binder_3d_ntraj1000_jk_cluster/Lx32_Ly32_Tx0_Ty0_Nt32_k0.174_0.174_0.174_kt0.174/Lx32_Ly32_Tx0_Ty0_Nt32_k0.174_0.174_0.174_kt0.174_5EAE6B90.dat
32	0.2000688015	9.999772966357e-01	1.214263322816e-07	1.968059353519e-05	1.064388218279e-03	out_binder_3d_ntraj1000_jk_cluster/Lx32_Ly32_Tx0_Ty0_Nt32_k0.200_0.200_0.200_kt0.200/Lx32_Ly32_Tx0_Ty0_Nt32_k0.200_0.200_0.200_kt0.200_5EA9F107.dat
32	0.1510472654	6.448578290577e-02	6.650271872908e-03	3.362791612744e-04	1.470276325037e-04	out_binder_3d_ntraj1000_jk_cluster/Lx32_Ly32_Tx0_Ty0_Nt32_k0.151_0.151_0.151_kt0.151/Lx32_Ly32_Tx0_Ty0_Nt32_k0.151_0.151_0.151_kt0.151_5EAEE5F9.dat
32	0.1312440475	7.477421379138e-03	2.960253795408e-04	1.322113782167e-04	6.122131863203e-05	out_binder_3d_ntraj1000_jk_cluster/Lx32_Ly32_Tx0_Ty0_Nt32_k0.131_0.131_0.131_kt0.131/Lx32_Ly32_Tx0_Ty0_Nt32_k0.131_0.131_0.131_kt0.131_5EAF5E42.dat
32	0.0650000000	2.945555219740e-04	3.027394422251e-06	2.519587986171e-05	1.076178848552e-05	out_binder_3d_ntraj1000_jk_cluster/Lx32_Ly32_Tx0_Ty0_Nt32_k0.065_0.065_0.065_kt0.065/Lx32_Ly32_Tx0_Ty0_Nt32_k0.065_0.065_0.065_kt0.065_5EADC24F.dat
32	0.2650000000	9.999969565468e-01	1.428006779269e-08	3.314886614536e-06	4.956789442235e-04	out_binder_3d_ntraj1000_jk_cluster/Lx32_Ly32_Tx0_Ty0_Nt32_k0.265_0.265_0.265_kt0.265/Lx32_Ly32_Tx0_Ty0_Nt32_k0.265_0.265_0.265_kt0.265_5EA8FA55.dat
32	0.0990861860	1.184628628331e-03	5.117492721506e-05	4.163984060287e-05	2.037740842109e-05	out_binder_3d_ntraj1000_jk_cluster/Lx32_Ly32_Tx0_Ty0_Nt32_k0.099_0.099_0.099_kt0.099/Lx32_Ly32_Tx0_Ty0_Nt32_k0.099_0.099_0.099_kt0.099_5EAC5534.dat
32	0.2302568835	9.999924315742e-01	4.066250119460e-08	1.014329493054e-05	8.328074670781e-04	out_binder_3d_ntraj1000_jk_cluster/Lx32_Ly32_Tx0_Ty0_Nt32_k0.230_0.230_0.230_kt0.230/Lx32_Ly32_Tx0_Ty0_Nt32_k0.230_0.230_0.230_kt0.230_5EA974BE.dat
32	0.1140371523	2.383525957998e-03	6.174936462753e-05	4.618064276874e-05	2.501046555301e-05	out_binder_3d_ntraj1000_jk_cluster/Lx32_Ly32_Tx0_Ty0_Nt32_k0.114_0.114_0.114_kt0.114/Lx32_Ly32_Tx0_Ty0_Nt32_k0.114_0.114_0.114_kt0.114_5EAFD8AB.dat
32	0.0860953826	6.501665130215e-04	1.106971627919e-05	3.159719556570e-05	1.382238413196e-05	out_binder_3d_ntraj1000_jk_cluster/Lx32_Ly32_Tx0_Ty0_Nt32_k0.086_0.086_0.086_kt0.086/Lx32_Ly32_Tx0_Ty0_Nt32_k0.086_0.086_0.086_kt0.086_5EACCF9D.dat
32	0.0748077527	4.312621423357e-04	8.036298206269e-06	2.430640310049e-05	1.136836759043e-05	out_binder_3d_ntraj1000_jk_cluster/Lx32_Ly32_Tx0_Ty0_Nt32_k0.075_0.075_0.075_kt0.075/Lx32_Ly32_Tx0_Ty0_Nt32_k0.075_0.075_0.075_kt0.075_5EAD49E6.dat
24	0.1738385612	9.996403245655e-01	6.563784049706e-06	2.383837287814e-04	2.899701250054e-03	out_binder_3d_ntraj1000_jk_cluster/Lx24_Ly24_Tx0_Ty0_Nt24_k0.174_0.174_0.174_kt0.174/Lx24_Ly24_Tx0_Ty0_Nt24_k0.174_0.174_0.174_kt0.174_5EAE08B8.dat
24	0.1312440475	1.650074792241e-02	9.252881377256e-04	2.447297021685e-04	1.130786757480e-04	out_binder_3d_ntraj1000_jk_cluster/Lx24_Ly24_Tx0_Ty0_Nt24_k0.131_0.131_0.131_kt0.131/Lx24_Ly24_Tx0_Ty0_Nt24_k0.131_0.131_0.131_kt0.131_5EAF7F6A.dat
24	0.1510472654	1.104901611244e-01	7.667134416750e-03	7.576493544507e-04	3.355921062933e-04	out_binder_3d_ntraj1000_jk_cluster/Lx24_Ly24_Tx0_Ty0_Nt24_k0.151_0.151_0.151_kt0.151/Lx24_Ly24_Tx0_Ty0_Nt24_k0.151_0.151_0.151_kt0.151_5EAE8501.dat
24	0.1140371523	5.542928468253e-03	2.271615895785e-04	9.582154492455e-05	5.002915554770e-05	out_binder_3d_ntraj1000_jk_cluster/Lx24_Ly24_Tx0_Ty0_Nt24_k0.114_0.114_0.114_kt0.114/Lx24_Ly24_Tx0_Ty0_Nt24_k0.114_0.114_0.114_kt0.114_5EAFF9F3.dat
24	0.2650000000	9.999927149672e-01	6.210149895197e-08	7.608838076267e-06	7.506237608530e-04	out_binder_3d_ntraj1000_jk_cluster/Lx24_Ly24_Tx0_Ty0_Nt24_k0.265_0.265_0.265_kt0.265/Lx24_Ly24_Tx0_Ty0_Nt24_k0.265_0.265_0.265_kt0.265_5EA89B7D.dat
16	0.1738385612	9.987308418658e-01	4.861917524862e-05	7.992662429809e-04	5.297103433381e-03	out_binder_3d_ntraj1000_jk_cluster/Lx16_Ly16_Tx0_Ty0_Nt16_k0.174_0.174_0.174_kt0.174/Lx16_Ly16_Tx0_Ty0_Nt16_k0.174_0.174_0.174_kt0.174_5EAE29C0.dat
24	0.2000688015	9.999460177898e-01	4.637694766611e-07	4.995924291640e-05	1.695499395344e-03	out_binder_3d_ntraj1000_jk_cluster/Lx24_Ly24_Tx0_Ty0_Nt24_k0.200_0.200_0.200_kt0.200/Lx24_Ly24_Tx0_Ty0_Nt24_k0.200_0.200_0.200_kt0.200_5EA98E2F.dat
24	0.0860953826	1.642818659750e-03	4.776371208016e-05	6.346545016651e-05	2.861664777040e-05	out_binder_3d_ntraj1000_jk_cluster/Lx24_Ly24_Tx0_Ty0_Nt24_k0.086_0.086_0.086_kt0.086/Lx24_Ly24_Tx0_Ty0_Nt24_k0.086_0.086_0.086_kt0.086_5EACECA5.dat
24	0.0650000000	7.194708419410e-04	1.193273657729e-05	5.297602691441e-05	2.529526023204e-05	out_binder_3d_ntraj1000_jk_cluster/Lx24_Ly24_Tx0_Ty0_Nt24_k0.065_0.065_0.065_kt0.065/Lx24_Ly24_Tx0_Ty0_Nt24_k0.065_0.065_0.065_kt0.065_5EADE397.dat
24	0.0990861860	2.651062379459e-03	7.673122491125e-05	8.981293938615e-05	4.082798506991e-05	out_binder_3d_ntraj1000_jk_cluster/Lx24_Ly24_Tx0_Ty0_Nt24_k0.099_0.099_0.099_kt0.099/Lx24_Ly24_Tx0_Ty0_Nt24_k0.099_0.099_0.099_kt0.099_5EAC725C.dat
16	0.1510472654	1.932046774741e-01	1.444540696921e-02	2.798639392853e-03	1.301338417638e-03	out_binder_3d_ntraj1000_jk_cluster/Lx16_Ly16_Tx0_Ty0_Nt16_k0.151_0.151_0.151_kt0.151/Lx16_Ly16_Tx0_Ty0_Nt16_k0.151_0.151_0.151_kt0.151_5EAEA229.dat
16	0.1312440475	4.274476628113e-02	2.521420230118e-03	7.745617628098e-04	3.862223158115e-04	out_binder_3d_ntraj1000_jk_cluster/Lx16_Ly16_Tx0_Ty0_Nt16_k0.131_0.131_0.131_kt0.131/Lx16_Ly16_Tx0_Ty0_Nt16_k0.131_0.131_0.131_kt0.131_5EAF1CB2.dat
16	0.1140371523	1.900338944815e-02	1.641905090628e-03	4.598569869995e-04	2.068118713996e-04	out_binder_3d_ntraj1000_jk_cluster/Lx16_Ly16_Tx0_Ty0_Nt16_k0.114_0.114_0.114_kt0.114/Lx16_Ly16_Tx0_Ty0_Nt16_k0.114_0.114_0.114_kt0.114_5EAF991B.dat
24	0.2302568835	9.999821054454e-01	1.484347329241e-07	1.408022238214e-05	9.810334433806e-04	out_binder_3d_ntraj1000_jk_cluster/Lx24_Ly24_Tx0_Ty0_Nt24_k0.230_0.230_0.230_kt0.230/Lx24_Ly24_Tx0_Ty0_Nt24_k0.230_0.230_0.230_kt0.230_5EA915C6.dat
16	0.2000688015	9.998158815516e-01	3.175741883507e-06	1.900690793990e-04	3.302792599604e-03	out_binder_3d_ntraj1000_jk_cluster/Lx16_Ly16_Tx0_Ty0_Nt16_k0.200_0.200_0.200_kt0.200/Lx16_Ly16_Tx0_Ty0_Nt16_k0.200_0.200_0.200_kt0.200_5EA9AF77.dat
16	0.2650000000	9.999755630456e-01	3.883206815302e-07	3.049764633178e-05	1.503205554825e-03	out_binder_3d_ntraj1000_jk_cluster/Lx16_Ly16_Tx0_Ty0_Nt16_k0.265_0.265_0.265_kt0.265/Lx16_Ly16_Tx0_Ty0_Nt16_k0.265_0.265_0.265_kt0.265_5EA8B885.dat
16	0.2302568835	9.999398175483e-01	9.103435800886e-07	6.203880310052e-05	2.059696195565e-03	out_binder_3d_ntraj1000_jk_cluster/Lx16_Ly16_Tx0_Ty0_Nt16_k0.230_0.230_0.230_kt0.230/Lx16_Ly16_Tx0_Ty0_Nt16_k0.230_0.230_0.230_kt0.230_5EA932EE.dat
16	0.0860953826	5.164070531794e-03	2.310188655366e-04	2.052964210510e-04	9.933982663986e-05	out_binder_3d_ntraj1000_jk_cluster/Lx16_Ly16_Tx0_Ty0_Nt16_k0.086_0.086_0.086_kt0.086/Lx16_Ly16_Tx0_Ty0_Nt16_k0.086_0.086_0.086_kt0.086_5EAC8DCD.dat
24	0.0748077527	1.023957025379e-03	2.334062714827e-05	5.629341952268e-05	2.496449418289e-05	out_binder_3d_ntraj1000_jk_cluster/Lx24_Ly24_Tx0_Ty0_Nt24_k0.075_0.075_0.075_kt0.075/Lx24_Ly24_Tx0_Ty0_Nt24_k0.075_0.075_0.075_kt0.075_5EAD690E.dat
16	0.0990861860	8.536337190432e-03	3.554559723959e-04	3.237265348434e-04	1.522141354000e-04	out_binder_3d_ntraj1000_jk_cluster/Lx16_Ly16_Tx0_Ty0_Nt16_k0.099_0.099_0.099_kt0.099/Lx16_Ly16_Tx0_Ty0_Nt16_k0.099_0.099_0.099_kt0.099_5EAC1364.dat
16	0.0748077527	3.631244524471e-03	1.638674753539e-04	1.588129758835e-04	7.749292764433e-05	out_binder_3d_ntraj1000_jk_cluster/Lx16_Ly16_Tx0_Ty0_Nt16_k0.075_0.075_0.075_kt0.075/Lx16_Ly16_Tx0_Ty0_Nt16_k0.075_0.075_0.075_kt0.075_5EAD0656.dat
8	0.2650000000	9.997999231632e-01	8.558505168299e-06	2.083297729492e-04	3.919446635207e-03	out_binder_3d_ntraj1000_jk_cluster/Lx8_Ly8_Tx0_Ty0_Nt8_k0.265_0.265_0.265_kt0.265/Lx8_Ly8_Tx0_Ty0_Nt8_k0.265_0.265_0.265_kt0.265_5EA959AD.dat
16	0.0650000000	2.401737741874e-03	5.461426171361e-05	2.083008527756e-04	9.571741730180e-05	out_binder_3d_ntraj1000_jk_cluster/Lx16_Ly16_Tx0_Ty0_Nt16_k0.065_0.065_0.065_kt0.065/Lx16_Ly16_Tx0_Ty0_Nt16_k0.065_0.065_0.065_kt0.065_5EAD80BF.dat
8	0.1738385612	9.815603920973e-01	6.110210907071e-03	1.082142791748e-02	1.825697031960e-02	out_binder_3d_ntraj1000_jk_cluster/Lx8_Ly8_Tx0_Ty0_Nt8_k0.174_0.174_0.174_kt0.174/Lx8_Ly8_Tx0_Ty0_Nt8_k0.174_0.174_0.174_kt0.174_5EAEC6E8.dat
8	0.1510472654	4.888034008416e-01	2.885909205467e-02	2.055852661133e-02	9.516382603443e-03	out_binder_3d_ntraj1000_jk_cluster/Lx8_Ly8_Tx0_Ty0_Nt8_k0.151_0.151_0.151_kt0.151/Lx8_Ly8_Tx0_Ty0_Nt8_k0.151_0.151_0.151_kt0.151_5EAF4371.dat
8	0.1312440475	2.000396699675e-01	1.575441582960e-02	6.165129089355e-03	2.650115056758e-03	out_binder_3d_ntraj1000_jk_cluster/Lx8_Ly8_Tx0_Ty0_Nt8_k0.131_0.131_0.131_kt0.131/Lx8_Ly8_Tx0_Ty0_Nt8_k0.131_0.131_0.131_kt0.131_5EAF3DDA.dat
8	0.2302568835	9.995092526919e-01	2.057865985050e-05	4.594421386718e-04	5.618539220692e-03	out_binder_3d_ntraj1000_jk_cluster/Lx8_Ly8_Tx0_Ty0_Nt8_k0.230_0.230_0.230_kt0.230/Lx8_Ly8_Tx0_Ty0_Nt8_k0.230_0.230_0.230_kt0.230_5EA9D236.dat
8	0.1140371523	8.475891869783e-02	6.996993469721e-03	3.820915222168e-03	1.829778677920e-03	out_binder_3d_ntraj1000_jk_cluster/Lx8_Ly8_Tx0_Ty0_Nt8_k0.114_0.114_0.114_kt0.114/Lx8_Ly8_Tx0_Ty0_Nt8_k0.114_0.114_0.114_kt0.114_5EAFB623.dat
8	0.2000688015	9.984058848836e-01	9.776140707315e-05	1.435685729980e-03	9.035233887324e-03	out_binder_3d_ntraj1000_jk_cluster/Lx8_Ly8_Tx0_Ty0_Nt8_k0.200_0.200_0.200_kt0.200/Lx8_Ly8_Tx0_Ty0_Nt8_k0.200_0.200_0.200_kt0.200_5EAE4C9F.dat
8	0.0860953826	3.393778193329e-02	1.950191080735e-03	1.710778808594e-03	8.178173827697e-04	out_binder_3d_ntraj1000_jk_cluster/Lx8_Ly8_Tx0_Ty0_Nt8_k0.086_0.086_0.086_kt0.086/Lx8_Ly8_Tx0_Ty0_Nt8_k0.086_0.086_0.086_kt0.086_5EACAD15.dat
8	0.0748077527	2.677306215641e-02	2.263025056781e-03	1.790605163574e-03	8.454235566680e-04	out_binder_3d_ntraj1000_jk_cluster/Lx8_Ly8_Tx0_Ty0_Nt8_k0.075_0.075_0.075_kt0.075/Lx8_Ly8_Tx0_Ty0_Nt8_k0.075_0.075_0.075_kt0.075_5EAD277E.dat
8	0.0650000000	1.616118598771e-02	8.408147749405e-04	1.537780761719e-03	7.432967861976e-04	out_binder_3d_ntraj1000_jk_cluster/Lx8_Ly8_Tx0_Ty0_Nt8_k0.065_0.065_0.065_kt0.065/Lx8_Ly8_Tx0_Ty0_Nt8_k0.065_0.065_0.065_kt0.065_5EADA1C7.dat
8	0.0990861860	5.054833306438e-02	3.802468610370e-03	1.799353027344e-03	8.142851246787e-04	out_binder_3d_ntraj1000_jk_cluster/Lx8_Ly8_Tx0_Ty0_Nt8_k0.099_0.099_0.099_kt0.099/Lx8_Ly8_Tx0_Ty0_Nt8_k0.099_0.099_0.099_kt0.099_5EAC308C.dat
