r1	r2	tau_eff_real	tau_eff_imag	beta_c	alpha	beta_angle	gamma	v4_value	u4_value	w4_value	v4_over_u4_value	w4_over_u4_value	v4_log_residual	u4_log_residual	w4_log_residual	v4_over_u4_log_residual	w4_over_u4_log_residual	v4_chi2	u4_chi2	w4_chi2	v4_over_u4_chi2	w4_over_u4_chi2	corr_score	ratio_score	total_score
2.8216696919	4.4123460860	0.1661172921	0.7943440697	0.1038150310	0.7611196846	1.0158307535	1.3646422155	0.8550016450	0.8874473788	0.8262815870	0.9634392590	0.9310767114	0.0060468973	0.0008376583	0.0027044472	0.0052092390	0.0018667889	0.0000365650	0.0000007017	0.0000073140	0.0000271362	0.0000034849	0.0000445807	0.0000306211	0.0000752017
2.8216696919	5.1477371003	0.1429132393	0.7370880577	0.0963471283	0.7102666100	1.0520424340	1.3792836095	0.8406904006	0.8858919590	0.8166202525	0.9489762177	0.9218056944	-0.0108330359	-0.0009165691	-0.0090569931	-0.0099164668	-0.0081404240	0.0001173547	0.0000008401	0.0000820291	0.0000983363	0.0000662665	0.0002002239	0.0001646028	0.0003648267
2.8216696919	5.8831281147	0.1248371715	0.6891242345	0.0900884545	0.6670254838	1.0829807214	1.3915864484	0.8272305981	0.8844217043	0.8068757119	0.9353350263	0.9123201160	-0.0269730026	-0.0025775798	-0.0210615287	-0.0243954228	-0.0184839489	0.0007275429	0.0000066439	0.0004435880	0.0005951367	0.0003416564	0.0011777748	0.0009367930	0.0021145678
2.8216696919	6.6185191290	0.1103982156	0.6482175802	0.0847488342	0.6297032917	1.1097848885	1.4021044734	0.8143864950	0.8830360739	0.7970504618	0.9222573336	0.9026250290	-0.0426214327	-0.0041455162	-0.0333131811	-0.0384759164	-0.0291676649	0.0018165865	0.0000171853	0.0011097680	0.0014803961	0.0008507527	0.0029435399	0.0023311488	0.0052746887
2.8216696919	7.3539101433	0.0986273787	0.6128185917	0.0801268885	0.5970895693	1.1332789856	1.4112240987	0.8020050320	0.8817309783	0.7871543158	0.9095801913	0.8927375073	-0.0579416135	-0.0056245736	-0.0458068624	-0.0523170399	-0.0401822889	0.0033572306	0.0000316358	0.0020982686	0.0027370727	0.0016146163	0.0054871350	0.0043516890	0.0098388241
2.8216696919	8.0893011577	0.0888684163	0.5818145199	0.0760778846	0.5682927778	1.1540755910	1.4192242848	0.7899842379	0.8805012964	0.7772011296	0.8971982677	0.8826802786	-0.0730435024	-0.0070201695	-0.0585320016	-0.0660233329	-0.0515118321	0.0053353532	0.0000492828	0.0034259952	0.0043590805	0.0026534688	0.0088106312	0.0070125493	0.0158231806
2.8216696919	8.8246921720	0.0806616303	0.5543828345	0.0724947689	0.5426398510	1.1726406730	1.4263121297	0.7782549363	0.8793418478	0.7672067012	0.8850425329	0.8724783235	-0.0880023435	-0.0083378424	-0.0714749145	-0.0796645011	-0.0631370721	0.0077444125	0.0000695196	0.0051086634	0.0063464327	0.0039862899	0.0129225955	0.0103327226	0.0232553181
2.8216696919	9.5600831863	0.0736757820	0.5299006640	0.0692964304	0.5196119250	1.1893356998	1.4326450288	0.7667696380	0.8782477481	0.7571874663	0.8730675822	0.8621570256	-0.1028700810	-0.0095828428	-0.0846203062	-0.0932872382	-0.0750374634	0.0105822536	0.0000918309	0.0071605962	0.0087025088	0.0056306209	0.0178346807	0.0143331297	0.0321678104
2.8216696919	10.2954742007	0.0676664031	0.5078865573	0.0664201464	0.4988017727	1.2044458664	1.4383450144	0.7554955312	0.8772145140	0.7471597060	0.8612437655	0.8517411580	-0.1176826289	-0.0107600076	-0.0979522139	-0.1069226213	-0.0871922063	0.0138492011	0.0001157778	0.0095946362	0.0114324469	0.0076024808	0.0235596151	0.0190349278	0.0425945429
3.2919479738	4.4123460860	0.1680755309	0.8534783130	0.0978394484	0.7981860081	0.9670522730	1.3763543725	0.8669908761	0.8886072971	0.8341262888	0.9756738201	0.9386894431	0.0199719576	0.0021438325	0.0121536437	0.0178281251	0.0100098113	0.0003988791	0.0000045960	0.0001477111	0.0003178420	0.0001001963	0.0005511862	0.0004180384	0.0009692245
3.2919479738	5.1477371003	0.1448943691	0.7919236445	0.0909796619	0.7470557840	1.0047040108	1.3898328587	0.8532480201	0.8871826354	0.8254837161	0.9617501358	0.9304552221	0.0039937717	0.0005392936	0.0017383644	0.0034544781	0.0011990708	0.0000159502	0.0000002908	0.0000030219	0.0000119334	0.0000014378	0.0000192630	0.0000133712	0.0000326342
3.2919479738	5.8831281147	0.1268042164	0.7404605478	0.0852121455	0.7033255015	1.0370760767	1.4011910754	0.8404634270	0.8858110530	0.8167804751	0.9488066605	0.9220707648	-0.0111030571	-0.0010079005	-0.0088608102	-0.0100951566	-0.0078529098	0.0001232779	0.0000010159	0.0000785140	0.0001019122	0.0000616682	0.0002028077	0.0001635804	0.0003663881
3.2919479738	6.6185191290	0.1123293957	0.6966306363	0.0802780042	0.6653944465	1.0652724930	1.4109257141	0.8283712115	0.8845030031	0.8080160366	0.9365386082	0.9135254869	-0.0255951186	-0.0024856610	-0.0196492670	-0.0231094576	-0.0171636060	0.0006551101	0.0000061785	0.0003860937	0.0005340470	0.0002945894	0.0010473823	0.0008286364	0.0018760187
3.2919479738	7.3539101433	0.1005101564	0.6587394798	0.0759968101	0.6321077041	1.0901003728	1.4193845767	0.8167963393	0.8832603680	0.7991940154	0.9247514876	0.9048226824	-0.0396667106	-0.0038915452	-0.0306274335	-0.0357751654	-0.0267358883	0.0015734479	0.0000151441	0.0009380397	0.0012798625	0.0007148077	0.0025266317	0.0019946702	0.0045213019
3.2919479738	8.0893011577	0.0906959693	0.6255758556	0.0722384110	0.6026078915	1.1121652402	1.4268195218	0.8056201463	0.8820814884	0.7903213366	0.9133171445	0.8959731578	-0.0534441467	-0.0052271276	-0.0417915546	-0.0482170192	-0.0365644271	0.0028562768	0.0000273229	0.0017465340	0.0023248809	0.0013369573	0.0046301337	0.0036618383	0.0082919720
3.2919479738	8.8246921720	0.0824307114	0.5962477507	0.0689062255	0.5762432132	1.1319313960	1.4334180445	0.7947603899	0.8809633341	0.7814071174	0.9021492259	0.8869916456	-0.0670158227	-0.0064955633	-0.0531348815	-0.0605202595	-0.0466393182	0.0044911205	0.0000421923	0.0028233156	0.0036627018	0.0021752260	0.0073566285	0.0058379278	0.0131945563
3.2919479738	9.5600831863	0.0753853923	0.5700817031	0.0659268661	0.5525081023	1.1497615538	1.4393229975	0.7841591304	0.8799024562	0.7724617349	0.8911887049	0.8778947364	-0.0804445234	-0.0077005137	-0.0646486992	-0.0727440097	-0.0569481855	0.0064713214	0.0000592979	0.0041794543	0.0052916910	0.0032430958	0.0107100736	0.0085347868	0.0192448604
3.2919479738	10.2954742007	0.0693169545	0.5465584377	0.0632434350	0.5310035867	1.1659436773	1.4446453897	0.7737750690	0.8788954020	0.7634961439	0.8803949449	0.8686996679	-0.0937752727	-0.0088456758	-0.0763230985	-0.0849295970	-0.0674774228	0.0087938018	0.0000782460	0.0058252154	0.0072130364	0.0045532026	0.0146972631	0.0117662390	0.0264635021
3.7622262558	4.4123460860	0.1696927186	0.9101673224	0.0926888306	0.8312500633	0.9238712096	1.3864713807	0.8775656699	0.8895350454	0.8405697349	0.9865442339	0.9449540400	0.0320952945	0.0031873355	0.0198487451	0.0289079589	0.0166614096	0.0010301079	0.0000101591	0.0003939727	0.0008356701	0.0002776026	0.0014342397	0.0011132727	0.0025475124
3.7622262558	5.1477371003	0.1465424576	0.8444379127	0.0863395122	0.7800859725	0.9625375624	1.3989691187	0.8641876433	0.8882513509	0.8327537373	0.9729088984	0.9375203724	0.0167334293	0.0017431859	0.0105067923	0.0149902434	0.0087636064	0.0002800077	0.0000030387	0.0001103927	0.0002247074	0.0000768008	0.0003934390	0.0003015082	0.0006949472
3.7622262558	5.8831281147	0.1284509675	0.7895840059	0.0809863333	0.7360953074	0.9959700666	1.4095272796	0.8518704305	0.8869834333	0.8248847604	0.9604130118	0.9299889146	0.0023779428	0.0003147350	0.0010125195	0.0020632078	0.0006977845	0.0000056546	0.0000000991	0.0000010252	0.0000042568	0.0000004869	0.0000067789	0.0000047437	0.0000115226
3.7622262558	6.6185191290	0.1139551113	0.7429278113	0.0763956674	0.6977659163	1.0252307011	1.4185960362	0.8403209730	0.8857554032	0.8169667983	0.9487054439	0.9223390513	-0.0112725660	-0.0010707260	-0.0086327172	-0.0102018401	-0.0075619912	0.0001270707	0.0000011465	0.0000745238	0.0001040775	0.0000571837	0.0002027410	0.0001612613	0.0003640023
3.7622262558	7.3539101433	0.1021029360	0.7026323357	0.0724041307	0.6639980103	1.0511031238	1.4264915195	0.8293447587	0.8845766679	0.8090025246	0.9375611960	0.9145646205	-0.0244205539	-0.0024023806	-0.0184291349	-0.0220181733	-0.0160267543	0.0005963635	0.0000057714	0.0003396330	0.0004848000	0.0002568569	0.0009417679	0.0007416568	0.0016834247
3.7622262558	8.0893011577	0.0922488450	0.6673894398	0.0688935051	0.6339693440	1.0741800640	1.4334432457	0.8188084957	0.8834499208	0.8009956888	0.9268306856	0.9066679049	-0.0372062660	-0.0036769624	-0.0283756078	-0.0335293036	-0.0246986454	0.0013843062	0.0000135201	0.0008051751	0.0011242142	0.0006100231	0.0022030014	0.0017342373	0.0039372387
3.7622262558	8.8246921720	0.0839398775	0.6362387382	0.0657758261	0.6070509057	1.0949192714	1.4396224765	0.8086185719	0.8823747750	0.7929514680	0.9164117049	0.8986560931	-0.0497291707	-0.0048946891	-0.0384691533	-0.0448344816	-0.0335744643	0.0024729904	0.0000239580	0.0014798758	0.0020101307	0.0011272447	0.0039768242	0.0031373754	0.0071141995
3.7622262558	9.5600831863	0.0768490876	0.6084570207	0.0629840897	0.5827520655	1.1136806128	1.4451599753	0.7987079814	0.8813494720	0.7848762100	0.9062330061	0.8905391503	-0.0620610967	-0.0060573460	-0.0487051616	-0.0560037507	-0.0426478156	0.0038515797	0.0000366914	0.0023721928	0.0031364201	0.0018188362	0.0062604639	0.0049552563	0.0112157202
3.7622262558	10.2954742007	0.0707347432	0.5834878570	0.0604662327	0.5606836908	1.1307514084	1.4501575544	0.7890280569	0.8803717005	0.7767770548	0.8962442301	0.8823285147	-0.0742546153	-0.0071673647	-0.0590777942	-0.0670872507	-0.0519104295	0.0055137479	0.0000513711	0.0034901858	0.0045006992	0.0026946927	0.0090553048	0.0071953919	0.0162506967
4.2325045378	4.4123460860	0.1710495963	0.9647822186	0.0881887831	0.8609796994	0.8852867524	1.3953262017	0.8870772867	0.8902591070	0.8459383412	0.9964259615	0.9502158804	0.0428756156	0.0040009820	0.0262153016	0.0388746335	0.0222143196	0.0018383184	0.0000160079	0.0006872420	0.0015112371	0.0004934760	0.0025415683	0.0020047131	0.0045462814
4.2325045378	5.1477371003	0.1479341606	0.8949811566	0.0822747339	0.8099577136	0.9246504969	1.4069844431	0.8739186790	0.8891292955	0.8388207090	0.9828926832	0.9434181431	0.0279308310	0.0027310944	0.0177658149	0.0251997366	0.0150347205	0.0007801313	0.0000074589	0.0003156242	0.0006350267	0.0002260428	0.0011032144	0.0008610695	0.0019642839
4.2325045378	5.8831281147	0.1298493283	0.8368261691	0.0772763972	0.7658781153	0.9588593655	1.4168551727	0.8619191500	0.8879723216	0.8316431504	0.9706599282	0.9365642714	0.0141049772	0.0014290034	0.0091722705	0.0126759738	0.0077432671	0.0001989504	0.0000020421	0.0000841305	0.0001606803	0.0000599582	0.0002851230	0.0002206385	0.0005057615
4.2325045378	6.6185191290	0.1153424199	0.7874236481	0.0729809655	0.7273121384	0.9889305792	1.4253499361	0.8507603516	0.8868283509	0.8244200994	0.9593292216	0.9296275864	0.0010739853	0.0001398773	0.0004490567	0.0009341080	0.0003091794	0.0000011534	0.0000000196	0.0000002017	0.0000008726	0.0000000956	0.0000013747	0.0000009681	0.0000023428
4.2325045378	7.3539101433	0.1034681068	0.7447961683	0.0692391831	0.6932132643	1.0156209560	1.4327584333	0.8402299984	0.8857158225	0.8171575174	0.9486451264	0.9225955962	-0.0113808336	-0.0011154127	-0.0083992966	-0.0102654209	-0.0072838839	0.0001295234	0.0000012441	0.0000705482	0.0001053789	0.0000530550	0.0002013157	0.0001584338	0.0003597495
4.2325045378	8.0893011577	0.0935850616	0.7075400565	0.0659427762	0.6627941235	1.0395070781	1.4392914520	0.8301816401	0.8846427215	0.8098590520	0.9384372017	0.9154645511	-0.0234119753	-0.0023277108	-0.0173709500	-0.0210842644	-0.0150432392	0.0005481206	0.0000054182	0.0003017499	0.0004445462	0.0002262990	0.0008552887	0.0006708453	0.0015261340
4.2325045378	8.8246921720	0.0852431144	0.6746275233	0.0630109926	0.6354489711	1.0610370886	1.4451065939	0.8205115384	0.8836118818	0.8025282155	0.9285881679	0.9082361069	-0.0351285225	-0.0034936514	-0.0264641588	-0.0316348711	-0.0229705074	0.0012340131	0.0000122056	0.0007003517	0.0010007651	0.0005276442	0.0019465704	0.0015284093	0.0034749797
4.2325045378	9.5600831863	0.0781171626	0.6452863300	0.0603821934	0.6107029180	1.0805653225	1.4503244131	0.8111446648	0.8826235813	0.7951690383	0.9190154014	0.9009152432	-0.0466100791	-0.0046127554	-0.0356764537	-0.0419973237	-0.0310636983	0.0021724995	0.0000212775	0.0012728094	0.0017637752	0.0009649534	0.0034665863	0.0027287286	0.0061953149
4.2325045378	10.2954742007	0.0719666996	0.6189234522	0.0580083922	0.5881775825	1.0983761388	1.4550389323	0.8020258528	0.8816768491	0.7877861497	0.9096596486	0.8935089432	-0.0579156529	-0.0056859652	-0.0450045032	-0.0522296877	-0.0393185380	0.0033542228	0.0000323302	0.0020254053	0.0027279403	0.0015459474	0.0054119584	0.0042738877	0.0096858461
4.7027828198	4.4123460860	0.1722033132	1.0176103515	0.0842129031	0.8878950607	0.8505363772	1.4031612157	0.8957665122	0.8908005484	0.8504543976	1.0055747201	0.9547079861	0.0526232943	0.0046089812	0.0315396195	0.0480143131	0.0269306382	0.0027692111	0.0000212427	0.0009947476	0.0023053743	0.0007252593	0.0037852014	0.0030306335	0.0068158349
4.7027828198	5.1477371003	0.1491242423	0.9438253294	0.0786748623	0.8371430467	0.8903576930	1.4140919139	0.8827202863	0.8898390611	0.8439484684	0.9919999300	0.9484282106	0.0379518783	0.0035290463	0.0238602638	0.0344228320	0.0203312175	0.0014403451	0.0000124542	0.0005693122	0.0011849314	0.0004133584	0.0020221114	0.0015982898	0.0036204012
4.7027828198	5.8831281147	0.1310510730	0.8824451348	0.0739842436	0.7931039910	0.9251238063	1.4233648563	0.8709277355	0.8888019083	0.8373622362	0.9798895877	0.9421247056	0.0245025105	0.0023628156	0.0160255835	0.0221396949	0.0136627679	0.0006003730	0.0000055829	0.0002568193	0.0004901661	0.0001866712	0.0008627752	0.0006768373	0.0015396126
4.7027828198	6.6185191290	0.1165399336	0.8303636275	0.0699456776	0.7544267975	0.9558068347	1.4313590213	0.8600463277	0.8877473768	0.8307251885	0.9687962479	0.9357675508	0.0119297616	0.0011756471	0.0080678678	0.0107541145	0.0068922207	0.0001423192	0.0000013821	0.0000650905	0.0001156510	0.0000475027	0.0002087918	0.0001631537	0.0003719455
4.7027828198	7.3539101433	0.1046511628	0.7854649011	0.0664218040	0.7201156233	0.9831353019	1.4383417283	0.8498471380	0.8867043124	0.8240499711	0.9584335229	0.9293402091	0.0000000000	0.0000000000	0.0000000000	0.0000000000	0.0000000000	0.0000000000	0.0000000000	0.0000000000	0.0000000000	0.0000000000	0.0000000000	0.0000000000	0.0000000000
4.7027828198	8.0893011577	0.0947471437	0.7462510060	0.0633127590	0.6894169843	1.0076678247	1.4445078447	0.8401715948	0.8856868997	0.8173426493	0.9486101636	0.9228347507	-0.0114503451	-0.0011480680	-0.0081727663	-0.0103022771	-0.0070246983	0.0001311104	0.0000013181	0.0000667941	0.0001061369	0.0000493464	0.0001992226	0.0001554833	0.0003547059
4.7027828198	8.8246921720	0.0863801714	0.7116276160	0.0605439150	0.6617482402	1.0298410930	1.4500033204	0.8309067450	0.8847017887	0.8106069641	0.9391941507	0.9162488134	-0.0225389272	-0.0022609436	-0.0164478672	-0.0202779837	-0.0141869236	0.0005080032	0.0000051119	0.0002705323	0.0004111966	0.0002012688	0.0007836474	0.0006124654	0.0013961129
4.7027828198	9.5600831863	0.0792268001	0.6807740994	0.0580582044	0.6366504984	1.0500021801	1.4549399751	0.8219703222	0.8837516799	0.8038460712	0.9300919488	0.9095836414	-0.0333522056	-0.0033354517	-0.0248233756	-0.0300167539	-0.0214879238	0.0011123696	0.0000111252	0.0006162000	0.0009010055	0.0004617309	0.0017396948	0.0013627364	0.0031024312
4.7027828198	10.2954742007	0.0730476457	0.6530613244	0.0558111263	0.6137565820	1.0684309233	1.4594051482	0.8133013310	0.8828371888	0.7970632019	0.9212359213	0.9028428027	-0.0439548139	-0.0043707704	-0.0332971973	-0.0395840436	-0.0289264269	0.0019320257	0.0000191036	0.0011087033	0.0015668965	0.0008367382	0.0030598327	0.0024036347	0.0054634673
5.1730611017	4.4123460860	0.1731954744	1.0688792554	0.0806669271	0.9124086077	0.8190262108	1.4101578351	0.9038044488	0.8911757280	0.8542754381	1.0141708536	0.9585936995	0.0615565237	0.0050300638	0.0360224962	0.0565264598	0.0309924324	0.0037892056	0.0000253015	0.0012976202	0.0031952407	0.0009605309	0.0051121274	0.0041557715	0.0092678989
5.1730611017	5.1477371003	0.1501529030	0.9911862389	0.0754572891	0.8620195032	0.8591217902	1.4204513602	0.8907896377	0.8903976745	0.8483221426	1.0004402114	0.9527452361	0.0470518071	0.0041566184	0.0290292762	0.0428951887	0.0248726578	0.0022138726	0.0000172775	0.0008426989	0.0018399972	0.0006186491	0.0030738489	0.0024586463	0.0055324952
5.1730611017	5.8831281147	0.1320944768	0.9266461701	0.0710363594	0.8181192501	0.8942742451	1.4291991584	0.8791202327	0.8894902191	0.8422562787	0.9883416522	0.9468977405	0.0338651763	0.0031369412	0.0218531643	0.0307282350	0.0187162230	0.0011468502	0.0000098404	0.0004775608	0.0009442244	0.0003502970	0.0016342514	0.0012945214	0.0029287728
5.1730611017	6.6185191290	0.1175838096	0.8719434078	0.0672235793	0.7794286585	0.9254116024	1.4367523927	0.8684300637	0.8885315052	0.8361259668	0.9773767825	0.9410200560	0.0216305614	0.0020585359	0.0145481070	0.0195720255	0.0124895711	0.0004678812	0.0000042376	0.0002116474	0.0003830642	0.0001559894	0.0006837662	0.0005390536	0.0012228197
5.1730611017	7.3539101433	0.1056861226	0.8248253718	0.0638917371	0.7449996333	0.9532338260	1.4433591943	0.8584742781	0.8875619953	0.8299532561	0.9672273966	0.9350932786	0.0101002228	0.0009668029	0.0071382086	0.0091334198	0.0061714057	0.0001020145	0.0000009347	0.0000509540	0.0000834194	0.0000380862	0.0001539032	0.0001215056	0.0002754088
5.1730611017	8.0893011577	0.0957670391	0.7837009942	0.0609481727	0.7141111782	0.9782807399	1.4492007355	0.8490829010	0.8866029103	0.8237486941	0.9576811571	0.9291066886	-0.0008996686	-0.0001143650	-0.0003656721	-0.0007853036	-0.0002513072	0.0000008094	0.0000000131	0.0000001337	0.0000006167	0.0000000632	0.0000009562	0.0000006799	0.0000016361
5.1730611017	8.8246921720	0.0873810364	0.7474102055	0.0583235224	0.6862031972	1.0009765437	1.4544129128	0.8401344263	0.8856652912	0.8175178277	0.9485913411	0.9230550591	-0.0114945852	-0.0011724658	-0.0079584625	-0.0103221194	-0.0067859967	0.0001321255	0.0000013747	0.0000633371	0.0001065461	0.0000460498	0.0001968373	0.0001525959	0.0003494332
5.1730611017	9.5600831863	0.0802061566	0.7150845536	0.0559646603	0.6608326918	1.0216599734	1.4590999884	0.8315399392	0.8847546537	0.8112641553	0.9398537048	0.9169368614	-0.0217771654	-0.0022011907	-0.0156374560	-0.0195759748	-0.0134362653	0.0004742449	0.0000048452	0.0002445300	0.0003832188	0.0001805332	0.0007236202	0.0005637520	0.0012873722
5.1730611017	10.2954742007	0.0740040396	0.6860592329	0.0538300989	0.6376438340	1.0406053147	1.4633435049	0.8232331307	0.8838734651	0.8049904604	0.9313925162	0.9107530570	-0.0318170657	-0.0031976565	-0.0234007457	-0.0286194092	-0.0202030893	0.0010123257	0.0000102250	0.0005475949	0.0008190706	0.0004081648	0.0015701456	0.0012272354	0.0027973810
5.6433393837	4.4123460860	0.1740570946	1.1187725310	0.0774788720	0.9348524716	0.7902851576	1.4164550244	0.9113164467	0.8913978918	0.8575170069	1.0223453018	0.9619912889	0.0698337033	0.0052793256	0.0398098393	0.0645543777	0.0345305137	0.0048767461	0.0000278713	0.0015848233	0.0041672677	0.0011923564	0.0064894407	0.0053596240	0.0118490647
5.6433393837	5.1477371003	0.1510503345	1.0372383246	0.0725587681	0.8848935157	0.8305136719	1.4261854661	0.8982702444	0.8908184608	0.8520759287	1.0083650978	0.9565090602	0.0554144677	0.0046290892	0.0334444685	0.0507853785	0.0288153793	0.0030707632	0.0000214285	0.0011185325	0.0025791547	0.0008303261	0.0042107242	0.0034094808	0.0076202049
5.6433393837	5.8831281147	0.1330084699	0.9695954995	0.0683763491	0.8412068030	0.8659179618	1.4344678888	0.8866591124	0.8900511049	0.8464797007	0.9961889913	0.9510461770	0.0424040976	0.0037673125	0.0268550484	0.0386367851	0.0230877359	0.0017981075	0.0000141926	0.0007211936	0.0014928012	0.0005330435	0.0025334938	0.0020258447	0.0045593385
5.6433393837	6.6185191290	0.1185015292	0.9123217269	0.0647637864	0.8025794969	0.8973837253	1.4416294314	0.8760933860	0.8891952609	0.8407978393	0.9852654693	0.9455716604	0.0304161947	0.0028052826	0.0201200771	0.0276109121	0.0173147945	0.0009251449	0.0000078696	0.0004048175	0.0007623625	0.0002998021	0.0013378320	0.0010621646	0.0023999966
5.6433393837	7.3539101433	0.1065989686	0.8630294361	0.0616026255	0.7681082283	0.9255828275	1.4479015978	0.8663126849	0.8883040492	0.8350639661	0.9752434268	0.9400654729	0.0191894158	0.0018025123	0.0132771554	0.0173869036	0.0114746431	0.0003682337	0.0000032491	0.0001762829	0.0003023044	0.0001316674	0.0005477656	0.0004339719	0.0009817374
5.6433393837	8.0893011577	0.0966692542	0.8200355205	0.0588064440	0.7371028842	0.9510361120	1.4534536573	0.8571361061	0.8874064750	0.8292947983	0.9658889475	0.9345151536	0.0085402273	0.0007915657	0.0063445264	0.0077486617	0.0055529607	0.0000729355	0.0000006266	0.0000402530	0.0000600418	0.0000308354	0.0001138151	0.0000908771	0.0002046922
5.6433393837	8.8246921720	0.0882688010	0.7821149006	0.0563104502	0.7090251152	0.9741547935	1.4584127449	0.8484340635	0.8865185043	0.8234990027	0.9570404447	0.9289134956	-0.0016641234	-0.0002095711	-0.0006688340	-0.0014545523	-0.0004592629	0.0000027693	0.0000000439	0.0000004473	0.0000021157	0.0000002109	0.0000032606	0.0000023266	0.0000055872
5.6433393837	9.5600831863	0.0810769885	0.7483518300	0.0540649515	0.6834474841	0.9952686489	1.4628765206	0.8401114332	0.8856488473	0.8176814489	0.9485829918	0.9232569448	-0.0115219540	-0.0011910327	-0.0077583387	-0.0103309213	-0.0065673060	0.0001327554	0.0000014186	0.0000601918	0.0001067279	0.0000431295	0.0001943658	0.0001498574	0.0003442232
5.6433393837	10.2954742007	0.0748563892	0.7180462229	0.0520310913	0.6600254458	1.0146457566	1.4669214511	0.8320969877	0.8848020902	0.8118452836	0.9404328910	0.9175444911	-0.0211074899	-0.0021475767	-0.0149213880	-0.0189599132	-0.0127738113	0.0004455261	0.0000046121	0.0002226478	0.0003594783	0.0001631703	0.0006727860	0.0005226486	0.0011954346
6.1136176657	4.4123460860	0.1748117678	1.1674407302	0.0745926540	0.9554976782	0.7639336316	1.4221613438	0.9183967652	0.8914781404	0.8602664126	1.0301954962	0.9649887907	0.0775730077	0.0053693471	0.0430109507	0.0722036606	0.0376416036	0.0060175715	0.0000288299	0.0018499419	0.0052133686	0.0014168903	0.0078963433	0.0066302589	0.0145266022
6.1136176657	5.1477371003	0.1518396602	1.0821248243	0.0699299043	0.9060169945	0.8041853972	1.4313902618	0.9052693009	0.8911122095	0.8553099203	1.0158869906	0.9598229170	0.0631759738	0.0049587863	0.0372327106	0.0582171875	0.0322739242	0.0039912037	0.0000245896	0.0013862747	0.0033892409	0.0010416062	0.0054020680	0.0044308471	0.0098329151
6.1136176657	5.8831281147	0.1338153385	1.0114298236	0.0659600855	0.8626006371	0.8397348840	1.4392571325	0.8936652208	0.8904955301	0.8501468529	1.0035594683	0.9546896353	0.0502747361	0.0042665134	0.0311779301	0.0460082227	0.0269114166	0.0025275491	0.0000182031	0.0009720633	0.0021167566	0.0007242243	0.0035178155	0.0028409809	0.0063587964
6.1136176657	6.6185191290	0.1193143705	0.9516293340	0.0625264246	0.8240969065	0.8714276042	1.4460681429	0.8831712246	0.8897500084	0.8448702436	0.9926060312	0.9495591297	0.0384625986	0.0034289640	0.0249518851	0.0350336346	0.0215229211	0.0014793715	0.0000117578	0.0006225966	0.0012273556	0.0004632361	0.0021137259	0.0016905917	0.0038043175
6.1136176657	7.3539101433	0.1074099082	0.9002023714	0.0595180988	0.7896441841	0.8999082159	1.4520402536	0.8735115716	0.8889423064	0.8395270103	0.9826414666	0.9444111325	0.0274648813	0.0025207664	0.0186074776	0.0249441150	0.0160867112	0.0007543197	0.0000063543	0.0003462382	0.0006222089	0.0002587823	0.0011069122	0.0008809911	0.0019879033
6.1136176657	8.0893011577	0.0974729244	0.8553748013	0.0568541378	0.7585815524	0.9256788059	1.4573322954	0.8644947217	0.8881098697	0.8341414160	0.9734096547	0.9392322329	0.0170887038	0.0015838927	0.0121717789	0.0155048111	0.0105878862	0.0002920238	0.0000025087	0.0001481522	0.0002403992	0.0001121033	0.0004426847	0.0003525025	0.0007951872
6.1136176657	8.8246921720	0.0890615602	0.8158572200	0.0544737576	0.7303914792	0.9491374737	1.4620637007	0.8559833355	0.8872740729	0.8287263403	0.9647338535	0.9340139260	0.0071944124	0.0006423534	0.0056588198	0.0065520590	0.0050164664	0.0000517596	0.0000004126	0.0000320222	0.0000429295	0.0000251649	0.0000841944	0.0000680944	0.0001522888
6.1136176657	9.5600831863	0.0818563994	0.7806870747	0.0523302823	0.7046616115	0.9706047290	1.4663263131	0.8478764025	0.8864471747	0.8232888924	0.9564883578	0.9287512170	-0.0023216222	-0.0002900347	-0.0009240100	-0.0020315876	-0.0006339753	0.0000053899	0.0000000841	0.0000008538	0.0000041273	0.0000004019	0.0000063278	0.0000045293	0.0000108571
6.1136176657	10.2954742007	0.0756208636	0.7491293618	0.0503871726	0.6810584813	0.9903420540	1.4701921183	0.8400980778	0.8856361391	0.8178332763	0.9485815231	0.9234416260	-0.0115378513	-0.0012053818	-0.0075726755	-0.0103324696	-0.0063672937	0.0001331220	0.0000014529	0.0000573454	0.0001067599	0.0000405424	0.0001919204	0.0001473024	0.0003392227
6.5838959477	4.4123460860	0.1754777605	1.2150090309	0.0719638189	0.9745679798	0.7396616286	1.4273630451	0.9251178948	0.8914260334	0.8625913585	1.0377954649	0.9676533175	0.0848646876	0.0053108953	0.0457098936	0.0795537923	0.0403989983	0.0072020152	0.0000282056	0.0020893944	0.0063288059	0.0016320791	0.0093196152	0.0079608849	0.0172805001
6.5838959477	5.1477371003	0.1525388923	1.1259649648	0.0675314567	0.9255993462	0.7798511208	1.4361421866	0.9118686983	0.8912879221	0.8581006761	1.0230910525	0.9627648427	0.0704395129	0.0051559503	0.0404902581	0.0652835626	0.0353343078	0.0049617250	0.0000265838	0.0016394610	0.0042619435	0.0012485133	0.0066277698	0.0055104569	0.0121382267
6.5838959477	5.8831281147	0.1345325356	1.0522630725	0.0637524504	0.8824963714	0.8154607686	1.4436355135	0.9002304592	0.8908324189	0.8533444691	1.0105497287	0.9579180675	0.0575943007	0.0046447579	0.0349321258	0.0529495428	0.0302873680	0.0033171035	0.0000215738	0.0012202534	0.0028036541	0.0009173247	0.0045589307	0.0037209787	0.0082799094
6.5838959477	6.6185191290	0.1200390749	0.9899753456	0.0604797157	0.8441636691	0.8472982001	1.4501307844	0.8897659033	0.8902048553	0.8484409054	0.9995069090	0.9530850122	0.0459019025	0.0039400409	0.0291692636	0.0419618616	0.0252292228	0.0021069846	0.0000155239	0.0008508459	0.0017607978	0.0006365137	0.0029733545	0.0023973115	0.0053706660
6.5838959477	7.3539101433	0.1081349063	0.9364488696	0.0576091375	0.8097785176	0.8759820017	1.4558321343	0.8801839257	0.8894861772	0.8434515623	0.9895419943	0.9482458344	0.0350743965	0.0031323972	0.0232713031	0.0319419993	0.0201389059	0.0012302133	0.0000098119	0.0005415535	0.0010202913	0.0004055755	0.0017815787	0.0014258668	0.0032074456
6.5838959477	8.0893011577	0.0981932234	0.8898194341	0.0550645513	0.7787075023	0.9019959844	1.4608891669	0.8712824990	0.8887228385	0.8384093681	0.9803759523	0.9433867701	0.0249097674	0.0022738493	0.0172753147	0.0226359181	0.0150014654	0.0006204965	0.0000051704	0.0002984365	0.0005123848	0.0002250440	0.0009241034	0.0007374288	0.0016615322
6.5838959477	8.8246921720	0.0897737103	0.8487339559	0.0527887142	0.7504529160	0.9257252459	1.4654144917	0.8629167440	0.8879420522	0.8333323221	0.9718165075	0.9384985429	0.0152617181	0.0013949145	0.0112013361	0.0138668036	0.0098064216	0.0002329200	0.0000019458	0.0001254699	0.0001922882	0.0000961659	0.0003603358	0.0002884541	0.0006487899
6.5838959477	9.5600831863	0.0825580377	0.8121835325	0.0507376215	0.7246169264	0.9474809381	1.4694947891	0.8549799939	0.8871599498	0.8282305063	0.9637269966	0.9335751760	0.0060215741	0.0005137230	0.0050603322	0.0055078512	0.0045466093	0.0000362594	0.0000002639	0.0000256070	0.0000303364	0.0000206717	0.0000621302	0.0000510081	0.0001131383
6.5838959477	10.2954742007	0.0763104006	0.7793985798	0.0488767903	0.7008768452	0.9675177481	1.4731980603	0.8473920126	0.8863861159	0.8231097748	0.9560077684	0.9286131180	-0.0028930832	-0.0003589174	-0.0011415971	-0.0025341658	-0.0007826797	0.0000083699	0.0000001288	0.0000013032	0.0000064220	0.0000006126	0.0000098020	0.0000070346	0.0000168366
